PubChemID,Type,SMILES,covalent
42601513,general,CC(C)C1C=CC(=O)NCCC=CC(C(=O)N1)NC(=O)C(C(C)C)NC(=O)NC(C(C)C)C(=O)O,1
5311211,general,CCCCCC=CC=C1C(C=CC1=O)CC=CCCCC(=O)O,1
265237,general,CC1=C(C(=O)OC(C1)C(C)C2CCC3C2(CCC4C3CC5C6(C4(C(=O)C=CC6O)C)O5)C)CO,1
6438503,general,CC(=CCC1=C(C=CC(=C1O)C(=O)C=CC2=CC=C(C=C2)O)OC)C,1
5318517,general,CC12CCC(C(C1CCC(=C)C2CC=C3C(COC3=O)O)(C)CO)O,1
7251185,general,CC1=CCCC2(C(O2)C3C(CC1)C(=C)C(=O)O3)C,1
6917907,general,CCC(=CC(C)CC=CC(=CC(C)C(=O)C(C)C(C(C)CC(=CC(=O)O)C)O)C)C=CC1C(C=CC(=O)O1)C,1
11719255,general,CC1(C=CC2=C(O1)C=CC3=C2[N+](=C4C3=CC56C(C4(C)C)CC7(CCCN7C5=O)C(=O)N6)[O-])C,1
28032,general,C1=C(C(=O)NC1=O)C2C(C(C(O2)CO)O)O,1
9865731,general,CC1C(C2C=C(C3CC4C(C3C2C1O)C5=C6C(C(CCC4(O6)C)OC5=O)C)C)O,1
312145,general,CC(=O)OC1CC2(C(CCC2=O)C3=C1C4(C(OC(=O)C5=COC(=C54)C3=O)COC)C)C,1
9996986,general,CC12CCC(=O)C3=COC(=C31)C(=O)C4=CC5=C(C=CC(=C5C=C24)O)O,1
370346,general,CC12CCC(=O)C3=COC(=C31)C(=O)C4=C2C=C5C(=O)C=CC(=O)C5=C4,1
3035912,general,CC1=C2C=C(C=C(C2=CC=C1)C(=O)OC(C(=O)NC(=C3C(C(C4N3C4)O)OC(=O)C)C(=O)NCC(=O)C)C5(CO5)C)OC,1
10770715,general,CCC(C(=O)NC(CCCN=C(N)N)C=CC(=O)O)NC(=O)CC(C(CC(C)C)NC(=O)C(CC(C)C)NC(=O)C1C(N1)C(=O)O)O,1
446987,general,CC1C(O1)P(=O)(O)O,1
6917655,general,CC(=CCC1C(O1)(C)C2C(C(CCC23CO3)OC(=O)C=CC=CC=CC=CC(=O)O)OC)C,1
123985,general,CC(C)CC(C(=O)NCCCCN=C(N)N)NC(=O)C1C(O1)C(=O)O,1
637511,general,C1=CC=C(C=C1)C=CC=O,1
445434,general,CC1C(NC(=O)C(NC(=O)C(C(NC(=O)C(NC(=O)C(NC(=O)C(=C)N(C(=O)CCC(NC1=O)C(=O)O)C)C)CC(C)C)C(=O)O)C)CCCN=C(N)N)C=CC(=CC(C)C(CC2=CC=CC=C2)OC)C,1
969516,general,COC1=C(C=CC(=C1)C=CC(=O)CC(=O)C=CC2=CC(=C(C=C2)O)OC)O,1
5470187,general,CC1=CCC(C=CC(=O)C(=CCC1)C)(C)C,1
11497184,general,CCC1C=CC(=O)OC1C=CC(CCN)(C(CC(C=CC=CC2CCCCC2)O)OP(=O)(O)O)O,1
6438891,general,CCC1C=CC(=O)OC1CC(C(C)C(C(C)CC=CC)OC)O,1
101677420,general,CC(=CCOC1=CC=C(C=C1)CCN(C)C(=O)C=CS(=O)(=O)C)C,1
10092280,general,CC(C)CCCCC(=O)NC(CO)C(=O)NC(CC(=C)C)C(=O)C1(CO1)CO,1
11226684,general,CCC(C)C(C(=O)NC(C(C)O)C(=O)NC(CC(C)C)C(=O)C1(CO1)C)NC(=O)C(C(C)CC)N(C)C(=O)C,1
395803,general,C1CC2C(=O)NC(C(=O)NC(C(=O)NC(C(=O)N2C1)CC3=CC=CC=C3)CC4=CC=CC=C4)CCCCCC(=O)C5CO5,1
107985,general,CC(C)C12C(O1)C3C4(O3)C5(CCC6=C(C5CC7C4(C2O)O7)COC6=O)C,1
344200,general,CC1=C2C(C(C=C2C(=O)C(C13CC3)(C)O)(C)CO)O,1
115369,general,COC1=C(C(=C2C(=C1)C=C(N2)C(=O)N3CC4CC45C3=CC(=O)C6=C5C=C(N6)C(=O)OC)OC)OC,1
6369652,general,CCC(C)C(C(C)C(=O)C(C)C=C(C)CC(C)C1C(C(=O)O1)C)O,1
6436821,general,CCC1C(OC1=O)C(C)CC(=CC(C)C(=O)C(C)C(C(C)CC)O)C,1
6440895,general,CC(CCCCC1C(C(=O)O1)CO)CC(=CC(=CC(=O)O)C)C,1
9805651,general,CCCCCCC1C(OC1=O)CC(CC=CCC=CCCCCC)OC(=O)C(CC(C)C)NC=O,1
11347535,general,CC12C(C(=O)NC1(C(=O)O2)C(C3CCCC=C3)O)CCCl,1
195004,general,CCCCCCC1C(OC1=O)CC(CCCCC)OC(=O)C(C(C)C)NC=O,1
146354,general,C1=CC(=C(C(=C1)O)O)C(=O)NC2C(OC2=O)CC3=CC=C(C=C3)[N+](=O)[O-],1
9794358,general,CC1C2C(C(=O)O2)(NC1=O)C(C(C)C)O,1
16095274,general,CC(=CCC12C=C(CC1OC2=O)CO)C,1
9881937,general,CC(=O)NC1CON(C1=O)C2(CCC(=O)O2)C(=O)O,1
5983,general,CC12CCN(C1N(C3=C2C=C(C=C3)OC(=O)NC)C)C,1
294641,general,C1C(ON=C1Cl)C(C(=O)O)N,1
54676038,general,C1=CC=C2C(=C1)C(=C(C(=O)O2)CC3=C(C4=CC=CC=C4OC3=O)O)O,1
2346,general,C1=CC=C(C=C1)CN=C=S,1
5386591,general,C=CCSSC=CCS(=O)CC=C,1
5287991,general,C1CC2C(=O)NC(C(=O)C(=O)NC(C(=O)NC(C=CC(=O)NCC(C(=O)N2C1)NC=O)CC3=CC=C(C=C3)O)CC4=CC=CC=C4)CCCN=C(N)N,1
11528958,Myeloperoxidase,CC(C)OCCN1C2=C(C(=O)NC1=S)NC=C2,1
71571306,Myeloperoxidase,COC1=C(C=C(C=C1)Cl)C2=CC(=O)NC(=S)N2CC(=O)N,1
10264211,Myeloperoxidase,C1CC(OC1)CN2C3=C(C(=O)NC2=S)NC=N3,1
121362450,Myeloperoxidase,CC(C1=C(C=CC(=C1)Cl)CN2C3=C(C(=O)NC2=S)NC=C3)N,1
3194,TRV,C1=CC=C(C=C1)N2C(=O)C3=CC=CC=C3[Se]2,1
5350,TRV,CS(=O)CCCCN=C=S,1
5971,TRV,C=CCN=C=S,1
7847,TRV,C=CC=O,1
10757,TRV,C1=CC=C(C=C1)C(=O)CCl,1
17604,TRV,C1=CC=C(C(=C1)C=C(C#N)C#N)Cl,1
31244,TRV,COC1=CC=C(C=C1)C=O,1
65036,TRV,C=CCSS(=O)CC=C,1
70261,TRV,CN1C(=O)C=CC1=O,1
447466,TRV,CC=CC=O,1
5280880,TRV,CCCCCC(C=CC1C=CC(=O)C1CC=CCCCC(=O)O)O,1
5283344,TRV,CCCCCC(C=CC=O)O,1
5319022,TRV,CCCC=C1C2=C(C=CCC2)C(=O)O1,1
5321950,TRV,CC=C(C)C=O,1
5364752,TRV,CCC=CC=O,1
10084135,TRV,CC=CC=CC=CCCC=CC(=O)NCC(C)(C)O,1
12315512,TRV,CCCCCC=CC(=O)CCC1=CC(=C(C=C1)O)OC,1
12480411,TRV,CC(=O)C=C1C2=CC=CC=C2N(C1=O)C,1
18524489,TRV,COCCCN(C1=NC(=CS1)C2=CC=C(C=C2)OC)C(=O)CCl,1
53412232,TRV,CCCCCCCCC=C(CCCCCCCC(=O)[O-])[N+](=O)[O-],1
53443082,TRV,CS(=O)(=S)OCCN,1
53788247,TRV,CC1=NSC=C1C2=NNC(=N2)C,1
53790973,TRV,CCOC=C(C(=O)C1CC1)C(=O)C2=C(C(=C(C=C2)Cl)Cl)N(C)C(=O)OCC,1
66624158,TRV,C1=CC=C2C(=C1)C=NOC3=CC=CC=C23,1
81065532,TRV,CCC(CC(=O)O)CNC(=O)C1=CC=C(C=C1)OCC,1
667594,TRV,COC1=CC=CC(=C1)NC(=O)C=CC2=CC=C(C=C2)Cl,1
680502,TRV,CC(C)(C)C1=CC=C(C=C1)C=CC(=O)NC2=CC3=C(C=C2)OCCO3,1
11561366,TRV,C1CCN(CC1)C2=C(C=CC(=N2)C(F)(F)F)C=CC(=O)NC3=CC=CC4=C3CC(CC4)O,1
1686,Keap,C1=CC=C2C(=C1)C(=O)C=C(O2)C3=CC=C(C=C3)Br,1
2361,Keap,C1=CC=C(C=C1)C2=CC(=O)C3=C(O2)C=CC4=CC=CC=C43,1
10212,Keap,CC(=CCOC1=C2C(=CC3=C1OC=C3)C=CC(=O)O2)C,1
10680,Keap,C1=CC=C(C=C1)C2=CC(=O)C3=CC=CC=C3O2,1
16441,Keap,CC(=C)C1CCC(=CC1)C=O,1
16741,Keap,C1=CC=C(C=C1)CCN=C=S,1
47318,Keap,CC1=C(SSC1=S)C2=NC=CN=C2,1
63041,Keap,CC1CC2C3CCC4=CC(=O)C=CC4(C3(C(CC2(C1(C(=O)COS(=O)(=O)C)O)C)O)F)C,1
65064,Keap,C1C(C(OC2=CC(=CC(=C21)O)O)C3=CC(=C(C(=C3)O)O)O)OC(=O)C4=CC(=C(C(=C4)O)O)O,1
68296,Keap,C1=CSSC1=S,1
70254,Keap,C1=CSC(=S)S1,1
73285,Keap,CC12CCCC(=C)C1CC3C(C2)OC(=O)C3=C,1
125043,Keap,C1C2C(C(S1)CCCCC(=O)NCCCCCCNC(=O)CI)NC(=O)N2,1
148821,Keap,C1C(S1)CC#N,1
400010,Keap,CC1(CCC2(CCC3(C(C2C1)C(=O)C=C4C3(CCC5C4(C=C(C(=O)C5(C)C)C#N)C)C)C)C(=O)O)C,1
400769,Keap,CC1(CCC2(CCC3(C(C2C1)C(=O)C=C4C3(CCC5C4(C=C(C(=O)C5(C)C)C#N)C)C)C)C(=O)OC)C,1
445154,Keap,C1=CC(=CC=C1C=CC2=CC(=CC(=C2)O)O)O,1
606180,Keap,CCOC(=O)C1=C(C2=CC=CC=C2N(C1=O)C)Cl,1
637858,Keap,COC1=CC(=CC(=C1OC)OC)C=CC(=O)N2CCC=CC2=O,1
638011,Keap,CC(=CCCC(=CC=O)C)C,1
638278,Keap,C1=CC(=CC=C1C=CC(=O)C2=C(C=C(C=C2)O)O)O,1
736681,Keap,CCOC(=O)C=CC1=CC(=C(C=C1)O)OC,1
825735,Keap,C1CC2=C(C1)SSC2=S,1
1550607,Keap,CC(=CCCC(=CCOC1=CC2=C(C=C1)C=CC(=O)O2)C)C,1
5271566,Keap,CCOC(=O)C=CC(=O)OCC,1
5280343,Keap,C1=CC(=C(C=C1C2=C(C(=O)C3=C(C=C(C=C3O2)O)O)O)O)O,1
5280569,Keap,C1=CC(=C(C2=C1C=CC(=O)O2)O)O,1
5280961,Keap,C1=CC(=CC=C1C2=COC3=CC(=CC(=C3C2=O)O)O)O,1
5281614,Keap,C1=CC(=C(C=C1C2=C(C(=O)C3=C(O2)C=C(C=C3)O)O)O)O,1
5281787,Keap,C1=CC=C(C=C1)CCOC(=O)C=CC2=CC(=C(C=C2)O)O,1
5282219,Keap,CC(=CCOC1=CC=C(C=C1)C=CC(=O)C2=C(C=C(C=C2)OCC=C(C)C)OCC(=O)O)C,1
5282259,Keap,CCCCCC=CCC(=CCCCCCCCC(=O)O)[N+](=O)[O-],1
5318834,Keap,COC1=C(C(=C(C=C1)C2=COC3=C(C2=O)C=CC(=C3)O)O)O,1
5369209,Keap,COC(=O)C=CC(=O)O,1
5472867,Keap,C1=CC=C(C(=C1)C=CC(=O)C=CC2=CC=CC=C2O)O,1
6537099,Keap,C1=CC=C(C=C1)C=C2C(=O)C3=CC=CC=C3O2,1
9817274,Keap,C1C(=CC2=CC(=C(C=C2)O)O)C(=O)C3=C(O1)C=C(C=C3)O,1
10131000,Keap,CC1(CC(CC(N1O)(C)C)OC(=O)C2CC2)C,1
11236073,Keap,C=C(COC(=O)C=CC1=CC(=C(C=C1)O)O)C(COC2C(C(C(C(O2)CO)O)O)O)O,1
12004512,Keap,CC(=O)OC1CC2C(C(=O)C=CC2(C3C1(C45C(O4)C(=O)OC(C5(CC3)C)C6=COC=C6)C)C)(C)C,1
16202704,Keap,CC1(C2CCC3(C=C(C(=O)C=C3C2(C=C(C1=O)C#N)C)C#N)C#C)C,1
16667734,Keap,C1=CC=C(C(=C1)C(=O)O)OC(=O)C=CC(=O)OC2=CC=CC=C2C(=O)O,1
24836820,Keap,CCCCCCCCC(=CCCCCCCCC(=O)O)[N+](=O)[O-],1
44566777,Keap,CC1C(C(C(C(O1)OCC2C(C(C(C(O2)OC3CCC4(C(C3(C)C)CCC5(C4CC=C6C5(CC(C7(C6CC(C(C7)OC(=O)C(=CCCC(C)(C=C)OC8C(C(C(C(O8)C)OC(=O)C(=CCCC(C)(C=C)O)CO)O)O)CO)(C)C)C(=O)OC9C(C(C(C(O9)CO)O)O)OC1C(C(C(C(O1)C)OC1C(C(C(O1)CO)O)O)OC1C(C(C(C(O1)CO)O)O)O)O)O)C)C)C)NC(=O)C)O)O)OC1C(C(C(CO1)O)O)O)O)O,1
44601284,Keap,CC1(C=CC(=O)C(=C1)C#N)C#C,1
44815555,Keap,CC1(CC(C(=O)C(=C1)C#N)(C)C)C,1
53909371,Keap,CC1(C(O1)CC2=C(C=CC3=C2OC(=O)C=C3)OCC4C(O4)(C)C)C,1
56840728,Keap,C1CCC(C(C1)C(=O)N2CCC3=CC=CC=C3C2CN4C(=O)C5=CC=CC=C5C4=O)C(=O)O,1
71618700,Keap,C1=CC=NC(=C1)CNC(=O)NC2=NN=C(O2)C3=CC=CO3,1
71811910,Keap,CC1(CCC2(CCC3(C(C2C1)C(=O)C=C4C3(CCC5C4(C=C(C(=O)C5(C)C)C#N)C)C)C)NC(=O)C(C)(F)F)C,1
73330464,Keap,COC(=O)C=CC(=O)OCCN1C(=O)CCC1=O,1
9929913,Keap,C1=CC=C(C=C1)S(=O)(=O)N2C(=CC3=C2C=C(C=C3)F)C4(C=CC(=O)C=C4)O,1
71226662,Kinase,CC#CC(=O)N1CCCC1C2=NC(=C3N2C=CN=C3N)C4=CC=C(C=C4)C(=O)NC5=CC=CC=N5,1
24939147,Kinase,C=C1CCC2C(C3C1CC(=O)C34CCC5(C4(CC6C5C7C(CCC6=C)C(=C)C(=O)O7)O)O)OC(=O)C2=C,1
44587062,Kinase,CC(C)C(C1=C(C(=C(C(=C1O)C(=O)C(C)C)O)C(C2=C(C(C(=O)C(C2=O)(C)C)(C)C)O)C(C)C)O)C3=C(C(C(=O)C(C3=O)(C)C)(C)C)O,1
91895304,Kinase,CC(=O)OC1CCC(C2C1(C(=O)CCC3C=C(C(C2)O)C(=O)C3=C)C)(C)C,1
2777391,Kinase,C1=CC(=C(C=C1[N+](=O)[O-])C(=O)NC2=CC=NC=C2)Cl,1
156587558,Kinase,C#CC1=NC(=NC=C1)C#CC2=CC3=C(C=C2)N=CN3C4=NC(=NC=C4)N,1
74222427,Kinase,C1CC(CN(C1)C#N)N2C(=C(C(=N2)C3=CC=C(C=C3)OC4=C(C=C(C=C4)F)F)C(=O)N)N,1
2779952,Kinase,C1=C(C=C(C2=C1[N+](=C(S2)C(=O)N)[O-])[N+](=O)[O-])C(F)(F)F,1
9548007,Kinase,C1=C(C=C(C2=C1[N+](=C(S2)C(=O)N)[O-])[N+](=O)[O-])C#N,1
758611,Kinase,C1=CC=C(C(=C1)C2C(=C(SC(=C2C#N)N)N)C#N)F,1
9907134,Kinase,C1=CC=C(C=C1)S(=O)(=O)N2C3=CC=CC=C3C=C2C4(C=CC(=O)C=C4)O,1
482697,Kinase,C1=CC=C2C(=C1)N=C(S2)C3(C=CC(=O)C=C3)O,1
11645581,Kinase,CCCCCCCCC=C(CCCCCCCC(=O)O)[N+](=O)[O-],1
6918502,Misc,CC(=CCC1C(O1)(C)C2C(C(CCC23CO3)OC(=O)C=CC4=CC=C(C=C4)OCCN(C)C)OC)C,1
12911963,Misc,CC1(C(N2C(S1=O)C(C2=O)NC(=O)C3=CC=CC=C3)C(=O)OC(C4=CC=CC=C4)C5=CC=CC=C5)C,1
10772429,Misc,CC1C(=O)NC(C(=O)NC(C(=O)N(C(C(=O)NC(C(=O)NC(C(=O)N(C(C(=O)N1)CC(C)CO)C)C(C2=CN(C3=CC=CC=C32)C(C)(C)C4CO4)O)C(C)C=C(C)C)CC(C)C)C)C(C)C)C(C5=CC=CC=C5)OC,1
10533601,Misc,CCC(C)C1C(=O)NC(C(=O)N(C(C(=O)NC(C(=O)NC(C(=O)OC(C(C(=O)N1)NC(=O)C(C)C(C(C)C)O)C)CO)C(C)O)CC2=CC=CC=C2)C)C3=CC=C(C=C3)OC,1
54717174,Misc,CC1C2C=CC3(CO3)C(O2)(OC1C(C)C=C(C)C=CC(=C4C(=O)CNC4=O)O)C,1
19354,Misc,CS(=O)(=O)C=C,1
6570,Misc,CC(=O)C=C,1
6579,Misc,C=CC(=O)N,1
3034010,Misc,CCCCCCCCCCCC(CC1C(C(=O)O1)CCCCCC)OC(=O)C(CC(C)C)NC=O,1
5100616,Misc,C1COC2=C(O1)C=CC(=C2)N(CCC#N)C(=O)CCl,1
129219978,Misc,CC1=C(C=CC(=C1)OC2=CC=CC=C2)N3C4=C5C(=C(SC5=NC=C4)C(=O)NC6CCN(C6)C(=O)C=C)NC3=O,1
12313376,Misc,CC1=C2C(CC1C3=COC=C3)OC4C2(C(C5(C6C4OC(=O)C6(C=CC5=O)C)C)CC(=O)OC)C,1
10241338,Misc,CC=C1C(=O)C=C2C13C(O3)CCN2,1
6450263,Misc,CC=C1C=CC2=NCCC3C12O3,1
4263,Misc,CC1=C(C(=O)NC1(C)O)C(=O)C,1
155804596,Misc,C1=CC(=C(C=C1OS(=O)(=O)F)OCCN2C=CC(=O)NC2=O)OC3=CC(=CC(=C3)C#N)Cl,1
118036971,Misc,CN1CCN(C(=O)C1)CC2=C(N=C3C(=C2)CCCN3C(=O)NC4=NC=C(C(=C4)NCCOC)C#N)C=O,1
5530,Misc,C1C(C1N)C2=CC=CC=C2,1
6438330,Misc,CCCCC(C)C=C(C)C=C(C)C(=O)NC1=CC(C2C(C1=O)O2)(C=CC=CC=CC(=O)NC3=C(CCC3=O)O)O,1
131483428,Misc,C1=CC(=CC=C1CC(C(=O)O)N)S(=O)(=O)F,1
2244,Misc,CC(=O)OC1=CC=CC=C1C(=O)O,1
10172827,Misc,CCNC1=CC2=C(C(=C1)O)C(=O)OC(C(C=CC(=O)C(C(CC=C2)O)O)C)C,1
9849735,Misc,CC(=O)OC1CC2(C(CCC2=O)C3=C1C4(C(OC(=O)C(=CN(CC=C)CC=C)C4=C(C3=O)O)COC)C)C,1
133128,Misc,C1=CC(=CC=C1C(=O)OCC2C(C(C(O2)N3C=NC4=C(N=CN=C43)N)O)O)S(=O)(=O)F.Cl,1
53262909,Misc,CCC1=NC(=C(N1)C)C=C2C3=C(C=CC(=C3)NC(=O)C#C)NC2=O,1
10152654,Misc,CC(C)(CC(C(=O)NC1(CC1)C#N)NC(C2=CC=C(C=C2)C3=CC=C(C=C3)S(=O)(=O)C)C(F)(F)F)F,1
221792,Misc,C=CC(=O)NC1=CC=CC=C1,1
439487,Misc,CC(C)CC(C(=O)NCCCCN=C(N)N)NC(=O)C1C(O1)C(=O)O,1
5280906,Misc,CC=C1CC(C(C(=O)OCC2=CCN3C2C(CC3)OC1=O)(C)O)C,1
5281750,Misc,CC=C1CC(=C)C(C(=O)OCC2=CCN3C2C(CC3)OC1=O)(C)O,1
794323,Misc,CCOC(=O)C1=C(NC(=S)NC1C2=CC(=CC=C2)O)C,1
6918408,Misc,CN1C=C(C=C1C(=O)NCCN=C(N)N)NC(=O)C2=CC(=CN2C)NC(=O)C3=CC(=CN3C)NC(=O)C4=CC(=CN4C)NC(=O)C(=C)Br,1
100324,Misc,C1=C(C(=O)C(=CC1(CC(=O)N)O)Br)Br,1
184469,Misc,C1CN=C2C3=C1C=NC3=C(C4=C2C5(CCN4)C=C(C(=O)C(=C5)Br)Br)O,1
5283242,Misc,CCC=CCC=CCC1(C=C(C(=O)C1C(C(C(CCCC(=O)OC)OC(=O)C)OC(=O)C)OC(=O)C)Cl)O,1
11556711,Misc,CC(C)CC(C(=O)C1(CO1)C)NC(=O)C(CC2=CC=CC=C2)NC(=O)C(CC(C)C)NC(=O)C(CCC3=CC=CC=C3)NC(=O)CN4CCOCC4,1
24881875,Misc,C1=C(C(=C(C(=C1Br)OC(=O)NCCCCN=C(N)N)Br)CC(=O)O)O,1
9929643,Misc,CC1CC=CC(=O)C(C(CC2C(O2)C3=C(C(=CC(=C3)OC)O)C(=O)O1)O)O,1
23205,Misc,CC1CC2C(C(C3(C1C=CC3=O)C)O)C(=C)C(=O)O2,1
227830,Misc,CC1CC2C3C(C4(C1C=CC4=O)C)OC(C3(C(=O)O2)C)(C)O,1
442206,Misc,CC(=C)C(=O)OC1CC2=CC(CC3(C(O3)C4C1C(=C)C(=O)O4)C)OC2=O,1
6091135,Misc,CC1CCCC1(CCC(=CCCC2=CCC(OC2O)C3=CC(=O)OC3O)C)C(=C)C,1
6391100,Misc,CC1CCCC1(CCC(=CCCC(=CCC(C2=CC(=O)OC2O)O)C=O)C)C(=C)C,1
4594,Misc,CC1=CN=C(C(=C1OC)C)CS(=O)C2=NC3=C(N2)C=C(C=C3)OC,1
3883,Misc,CC1=C(C=CN=C1CS(=O)C2=NC3=CC=CC=C3N2)OCC(F)(F)F,1
5281464,Misc,CC=C(C)C(=O)OC1CC(=C)C2C(C3C(C2(C4C1C(=C)C(=O)O4)O)(O3)C)O,1
5387263,Misc,CC1=C(C(CCC1)(C)C)CCC(=CCCC(=CCC(C2=CC(=O)OC2O)O)C=O)C,1
17748437,Misc,CC(=O)OC1C2CCC3C4(CCCC(C4CCC3(C2CC(O1)C5=CC(=O)OC5O)C)(C)C)C,1
9851116,Misc,CN1CCN(CC1)C(=O)NC(CC2=CC=CC=C2)C(=O)NC(CCC3=CC=CC=C3)C=CS(=O)(=O)C4=CC=CC=C4,1
9805,Misc,C1(=C(C(=C(C(=C1F)F)F)F)F)F,1
24939267,Misc,COC(=O)C1=CC(C(C(C1Cl)O)O)O,1
9852185,Misc,CC(=CCCC1(C=CC2=C(C3=C(C(=C2O1)CC=C(C)C)OC45C6CC(C=C4C3=O)C(=O)C5(OC6(C)C)CC=C(C)C(=O)O)O)C)C,1
75528891,Misc,CC1=C(C(C2C(C1)OC(=O)C2=C)O)C(C)CCCOC(=O)C,1
6436243,Misc,CC1=CCCC(=CC2C(CC1)C(=C)C(=O)O2)C,1
73174,Misc,C=C1CCC2C(C3C1CCC3=C)OC(=O)C2=C,1
71448931,Misc,CC1=CCC2C1C3C(C(CC2(C)O)OC(=O)C)C4(CC56C=CC4(C5C7C(CCC6(C)O)C(=C)C(=O)O7)C)C(=O)O3,1
71463992,Misc,CC1=CC2C(C(CC(=CCC1OC(=O)C)COC(=O)C)OC(=O)C(=CCO)C)C(=C)C(=O)O2,1
11245337,Misc,CC(=CCO)C(=O)OC1CC(=C)C2C=CC(C2C3C1C(=C)C(=O)O3)(C)O,1
94257,Misc,CC12C(C(C(=O)C3=COC(=C31)C(=O)C4=C2C=CC5=C4CCC5=O)OC)O,1
5471086,Misc,CCC(C)C(C(C)C(=O)C(C)C=C(C)C=CCC(C)C=C(CC)C=CC1CC=CC(=O)O1)O,1
101102771,Misc,CC=CC1C(C(CC(O1)C(C=CC=C(C)CC(C)C=C(C)C=CC2CC=CC(=O)O2)O)O)C,1
6436292,Misc,CCC(=CC(C)CC=CC(=CC(CO)C(=O)C(C)C(C(C)CC(=CC(=O)O)C)O)C)C=CC1C(C=CC(=O)O1)C,1
6444135,Misc,CCC(=CC(C)CC=CC(=CC(C)C(=O)C(C)C(C(C)CC(=CC(=O)O)C)O)C)C=CC1CC=CC(=O)O1,1
9806458,Misc,CC1CC(OC1C(C)C(=O)C(C)C=C(C)C=CCC(C)C=C(C)C=CC2C(C=CC(=O)O2)C)(C)CCO,1
44145026,Misc,CC(CC=CC(=CC(C)C(=O)C(C)C(C(C)CC(=CCO)C)O)C)C=C(C)CCC1CC=CC(=O)O1,1
196645,Misc,CC(CC=CC(=CC(C)C(=O)C(C)C(C(C)CC(=CC(=O)O)C)O)C)C=C(C)C=CC1CC=CC(=O)O1,1
6610292,Misc,CC1C(C(NC1=O)(C(C(C)C)O)C(=O)SCC(C(=O)O)NC(=O)C)O,1
15011073,Misc,CC(=O)OC1CC2CC3(C1C4(C(CC(C(C4C(=O)C3OC(=O)C)(C)C)O)OC(=O)C)C)C(=O)C2=C,1
16127556,Misc,CCCCCCC=CCC(=O)NC(CO)C(=O)NC(C(C)C)C(=O)NC(CO)C(CC(=O)NC(C(C)C)C(=O)NC1COC(=O)C(N(C(=O)C(NC(=O)C=C1)C(C)C)C)CC2=CC=C(C=C2)O)O,1
10907072,Misc,CC1CC(C2C3C4C(C(C=C(C4C2(C1)C)C)C=C)C(=O)C5=CC(CC6=CC=C(O3)C=C6)(NC5=O)O)C,1
23247773,Misc,CN1C(=CC(=O)N2CC(=CC2=O)OC)C=C(C1=O)COC,1
101467877,Misc,CC1C2(O1)C=NC3CC4(C5CC2C3CO5)C6=C(C=C(C=C6)OC)N(C4=O)OC,1
101467878,Misc,CC=C1C2CC3C4(CC(C2CO3)NC1=O)C5=C(C=C(C=C5)OC)N(C4=O)OC,1
6440352,Misc,CCOC(=O)C=CC(CC1CCNC1=O)NC(=O)C(CC2=CC=C(C=C2)F)CC(=O)C(C(C)C)NC(=O)C3=NOC(=C3)C,1
155903259,Misc,CC1(C2C1C(N(C2)C(=O)C(C(C)(C)C)NC(=O)C(F)(F)F)C(=O)NC(CC3CCNC3=O)C#N)C,1
146026181,Misc,CC(C)(C)OC(=O)NC1=CC=CN(C1=O)C(CC2CC2)C(=O)NC(CC3CCNC3=O)C(=O)C(=O)NCC4=CC=CC=C4,1
138611145,Misc,CN1CCCC1COC2=NC3=C(CCN(C3)C4=CC=CC5=C4C(=CC=C5)Cl)C(=N2)N6CCN(C(C6)CC#N)C(=O)C(=C)F,1
164510774,Misc,CN1CCCC1COC2=NC3=C(CCN(C3)C4=CC=CC5=C4C(=CC=C5)Cl)C(=N2)N6CCC7C(C6)OC7=O,1
122724,Misc,CC1=C(C(=O)C=C2C1=CC=C3C2(CCC4(C3(CCC5(C4CC(CC5)(C)C(=O)O)C)C)C)C)O,1
5281435,Misc,CC1=CCCC(=CC2C(C(C1)OC(=O)C(=C)C(CO)O)C(=C)C(=O)O2)CO,1
14314508,Misc,CC1=CC2C(C(CC3(C(=O)C=C1O3)C)OC(=O)C(=C)C)C(=C)C(=O)O2,1
442266,Misc,CC1=C2C(C3C(C(C1)O)C(=C)C(=O)O3)C(=CC2=O)CO,1
446378,Misc,CCCCCCCC(=O)OC1C2C(=C(C1OC(=O)C(=CC)C)C)C3C(C(CC2(C)OC(=O)C)OC(=O)CCC)(C(C(=O)O3)(C)O)O,1
71602803,Misc,CC(C)N1C(=CC=N1)C2=C(C=CC=N2)COC3=CC=CC(=C3C=O)O,1
5358393,Misc,CC(=C)C(=O)OC1CC2(C(=O)C=C(O2)C(=CC3C1C(=C)C(=O)O3)CO)C,1
5321010,Misc,CC1(CCC(C23C1C(C(C45C2CCC(C4O)C(=C)C5=O)(OC3)O)O)O)C,1
443059,Misc,CCC1CCCC(C(C(=O)C2=CC3C4CC(CC4C=CC3C2CC(=O)O1)OC5C(C(C(C(O5)C)OC)OC)OC)C)OC6CCC(C(O6)C)N(C)C,1
9835049,antibiotics,C1CC(N2CC1N(C2=O)OS(=O)(=O)O)C(=O)N,1
216324,antibiotics,COC1=C(C=C(C=C1)NS(=O)(=O)C2=C(C(=C(C(=C2F)F)F)F)F)F,1
11392750,antibiotics,COC1=C(C=C(C=C1)CC2CC(C3C2C(=O)C=CC3=C)C=C)O,1
9854577,antibiotics,CCC(=CC(C)CC=CC(=CC(C)C(=O)C(C)C(C(C)CC(=CC)C)O)C)C=CC1CC=CC(=O)O1,1
11272917,antibiotics,CCC(=CC(C)CC=CC(=CC(CO)C(=O)C(C)C(C(C)CC(=CC(=O)O)C)O)C)C=CC1C(C=CC(=O)O1)C,1
6325056,antibiotics,CC1=CC2C(C(CC3=CC(C1)OC3=O)OC(=O)C(=C)C)C(=C)C(=O)O2,1
91437,antibiotics,CC1=C(C(=O)C2C(C1=O)O2)O,1
11243969,carbonyls,C1C2CC2N(C1C#N)C(=O)C(C34CC5CC(C3)CC(C5)(C4)O)N,1
6918537,carbonyls,C1CC(N(C1)C(=O)CNC23CC4CC(C2)CC(C4)(C3)O)C#N,1
156414,acrylamide,C=CC(=O)NC1=C(C=C2C(=C1)C(=NC=N2)NC3=CC(=C(C=C3)F)Cl)OCCCN4CCOCC4,1
10184653,acrylamide,CN(C)CC=CC(=O)NC1=C(C=C2C(=C1)C(=NC=N2)NC3=CC(=C(C=C3)F)Cl)OC4CCOC4,1
71496458,acrylamide,CN1C=C(C2=CC=CC=C21)C3=NC(=NC=C3)NC4=C(C=C(C(=C4)NC(=O)C=C)N(C)CCN(C)C)OC,1
6918296,acrylamide,CC12CCC3C(C1CCC2C(=O)NC4=C(C=CC(=C4)C(F)(F)F)C(F)(F)F)CCC5C3(C=CC(=O)N5)C,1
57363,acrylamide,CC12CCC3C(C1CCC2C(=O)NC(C)(C)C)CCC4C3(C=CC(=O)N4)C,1
N/A,N/A,O1C2(OC[C@H]1C[N]C(=[NH2])N)CCCCC2,0
N/A,N/A,S1[C@H]2N(C(=O)[C@H]2NC(=O)[C@H]([NH3])C2=CCC=CC2)C(=C(C1)C)C(=O)[O],0
N/A,N/A,O1c2c3[C@H]([N](CCc3cc(OC)c2OC)(C)C)Cc2cc(Oc3cc4[C@@H]([N](CCc4cc3OC)(C)C)Cc3ccc1cc3)c(OC)cc2,0
N/A,N/A,O([C@@H]1[C@@]2([C@H]([C@H]3[C@@H]([C@@]4([C@@H](CC3)C[C@H](OC(=O)C)[C@@H]([N]3(CCCCC3)C)C4)C)CC2)C[C@@H]1[N]1(CCCCC1)C)C)C(=O)C,0
N/A,N/A,O([C@@H]1[C@@]2([C@H]([C@H]3[C@@H]([C@@]4([C@@H](CC3)C[C@H](OC(=O)C)[C@@H](N3CC[N](CC3)(C)C)C4)C)CC2)C[C@@H]1N1CC[N](CC1)(C)C)C)C(=O)C,0
N/A,N/A,O([C@@H]1[C@@]2([C@H]([C@H]3[C@@H]([C@@]4([C@@H](CC3)C[C@H](OC(=O)C)[C@@H](N3CCCCC3)C4)C)CC2)C[C@@H]1[N]1(CCCCC1)C)C)C(=O)C,0
N/A,N/A,O=C1N2[N@@](CCC[C@@H]1[NH2][C@@H](CCc1ccccc1)C(=O)OCC)CCC[C@H]2C(=O)[O],0
N/A,N/A,O(c1cc([N](C)(C)C)ccc1)C(=O)N(C)C,0
N/A,N/A,S1[C@H]2N(C(=C(C[N]3(CCCC3)C)C1)C(=O)[O])C(=O)[C@H]2NC(=O)/C(=N\OC)/c1nc(sc1)N,0
N/A,N/A,Fc1ccc(C(N2CCN(CC2)C2=[N]=C([N]C(=N2)NCC=C)NCC=C)c2ccc(F)cc2)cc1,0
N/A,N/A,OC(=O)[C@@H](N)CCC[N]C(=[NH2])N,0
N/A,N/A,O([C@@H]1[C@@H]([C@@H]2[NH]([C@@H](CC2)C1)C)C(=O)[O])C(=O)c1ccccc1,0
N/A,N/A,O[C@@H]1[C@@H]([C@@H]2[NH]([C@@H](CC2)C1)C)C(=O)[O],0
N/A,N/A,O1[C@@H]2[C@]34[C@H]([C@H]([N]([O])(CC3)C)Cc3c4c1c(OC)cc3)C=C[C@@H]2O,0
N/A,N/A,S(CCCC[CH]/C(=[NH]/C(=O)[C@@H]1C(C1)(C)C)/C(=O)O)C[C@H](N)C(=O)O,0
N/A,N/A,S(C1=C(N2[C@@H]([C@H](C2=O)[C@H](O)C)C1)C(=O)O)CC[N]C=[NH2],0
N/A,N/A,O=C(N)C(CC[N](C(C)C)(C(C)C)C)(c1ccccc1)c1ccccc1,0
N/A,N/A,S1C([NH2][C@@H](C1)C(=O)[O])(C)C,0
N/A,N/A,OC(=O)[C@@H](N)CCC[N]C(=[NH2])N(C)C,0
N/A,N/A,N1[C](Nc2c1cc(cc2)C(=[NH2])N)Cc1[nH]c2c(n1)ccc(c2)C(=[NH2])N,0
N/A,N/A,[N](CCCCCCCCCCCCCCCC)(C)(C)C,0
N/A,N/A,Brc1c(Oc2ccc(cc2)[CH]/C(=[NH]/C(=O)c2ccccc2)/C(=O)O)cccc1,0
N/A,N/A,[O][N](CCCNC(=O)CCCCCCCCCCC)(C)C,0
N/A,N/A,[P@](=O)(OCC[NH3])(O)[O],0
N/A,N/A,Ic1cc(C[C@H]([NH3])C(=O)[O])ccc1O,0
N/A,N/A,[N]1=C(N=CC(=C)C=1[NH])C,0
N/A,N/A,SCC[N](C)(C)C,0
N/A,N/A,O=C(N[C@@H](CCN)C(=O)N)[C@@H](N)CCC[N]C(=[NH2])NN(=O)=O,0
N/A,N/A,[N](#[C])CCCC,0
N/A,N/A,O([N]C(=[NH2])N)CC[C@H](N)C(=O)O,0
N/A,N/A,F[C@H](C[C@H](N)C(=O)O)CC[N]C(=[NH2])C,0
N/A,N/A,O(C[C@H]([NH3])C(=O)[O])C(=O)C,0
N/A,N/A,[N](CCCC)(CCCC)(CCCC)CCCC,0
N/A,N/A,S(O)C[C@H]([NH3])C(=O)[O],0
N/A,N/A,[nH]1c2c(nc1)ccc(c2)C(=[NH2])N,0
N/A,N/A,S([O])([O])([O])CC[NH3],0
N/A,N/A,S(=O)(=O)(N[C@H](C(=O)N1[C@H](C[C@@H](CC1)C)C(=O)O)CCC[N]C(=[NH2])N)c1c2NC[C@@H](Cc2ccc1)C,0
N/A,N/A,Ic1cc(C[C@H]([NH3])C(=O)[O])cc(I)c1Oc1cc(I)c(O)cc1,0
N/A,N/A,OC(=O)[C@@H](NC(=O)C)CCC[N]C(=[NH2])N,0
N/A,N/A,P(=O)(O)(O)[C@@]([P@@](=O)(O)[O])(O)CC[NH3],0
N/A,N/A,O=N(=O)NC(=[NH2])[N]CCC[C@H](N)CNCCN,0
N/A,N/A,[N](Cc1cc(CN)ccc1)C(=[NH2])C,0
N/A,N/A,n1(ncnc1)C(=[NH2])N,0
N/A,N/A,OC(=O)CCCC[NH3],0
N/A,N/A,O=C(N)[C@H]1NC[C@H](NC(=O)[C@@H](N)CCC[N]C(=[NH2])NN(=O)=O)C1,0
N/A,N/A,[NH]([C@@H]1CCC(=CC1)C)(CCC=C(C)C)C,0
N/A,N/A,[O]C(=O)[C@@H]([NH3])CCC(=O)N,0
N/A,N/A,O[C@@H]1[C@@H]([NH3])C(=CC=C1)C(=O)[O],0
N/A,N/A,ONC(=[NH2])[N]C(C)C,0
N/A,N/A,[N](CCCN1C(=c2c(=C3C1=CC(=C[CH]3)[NH])ccc([NH3])c2)c1ccccc1)(CC)(CC)C,0
N/A,N/A,S(C[C@H]([NH3])C(=O)[O])C,0
N/A,N/A,N1(CCCCCCc2nnn(CCNc3c4CCCCc4nc4c3cccc4)c2)C(=c2c(=C3C1=CC(=C[CH]3)[NH])ccc([NH3])c2)c1ccccc1,0
N/A,N/A,OCCCC[C@@H]([NH3])C(=O)[O],0
N/A,N/A,[S@](=O)(CC[C@H]([NH3])C(=O)[O])C,0
N/A,N/A,OC(=O)[C@@H](N)CCC[N]C(=[NH2])N[C@H](CC(=O)O)C(=O)O,0
N/A,N/A,O(c1cc2c(n(c(c2)C(=O)NCc2ccc([N](C)(C)C)cc2)Cc2cc(ccc2)C(=N)N)cc1)Cc1ccccc1,0
N/A,N/A,O=C(N)[C@@H](N)CCCNC(=[NH2])N,0
N/A,N/A,P(=O)(OC[C@H]1O[C@@H](N2C3=C(N[CH]2)C(=[N]=[C](=N3)O)O)[C@H](O)[C@@H]1O)(O)O,0
N/A,N/A,S(C[C@H]1O[C@@H](O)[C@H](O)[C@@H]1O)CC[C@H]([NH3])C(=O)[O],0
N/A,N/A,OC(=O)[C@@H](N)CC[N]C(=[NH2])NO,0
N/A,N/A,[P@@](=O)(O)([O])[C@@H]([NH3])CC(C)C,0
N/A,N/A,BrC1=C2Nc3c(C(=C2[CH]C=C1)[NH3])cccc3C(=O)NCCN(C)C,0
N/A,N/A,S(C[C@H]([NH3])C(=O)[O])CCO,0
N/A,N/A,[NH3]CC1CCCCC1,0
N/A,N/A,[O]C(=O)[C@@H]([NH3])CCC(=O)NO,0
N/A,N/A,OC(=O)c1ccc([N]C(=[NH2])N)cc1,0
N/A,N/A,Oc1c(c2[nH]c3c(c2)cc(cc3)C(=[NH2])N)cccc1,0
N/A,N/A,[S@@](=O)(CC[C@H]([NH3])C(=O)[O])C,0
N/A,N/A,O=C1N([C@@H](CCC[N]C(=[NH2])N)C(=O)O)CC1,0
N/A,N/A,OC(=O)[C@@H](N)C[N]C(=[NH2])NO,0
N/A,N/A,OC(=O)[C@@H](NC(=O)CCC(=O)O)CCC[N]C(=[NH2])N,0
N/A,N/A,O(C/C(=[NH]/c1cc(C[C@H](N)C(=O)O)c(O)cc1O)/[CH]C=O)c1cc2c(cc1)cccc2,0
N/A,N/A,N(C)(C)C(=N)[N]C(=[NH2])N,0
N/A,N/A,[O]C(=O)CCC[NH3],0
N/A,N/A,OCCCC[NH3],0
N/A,N/A,Clc1c(c2nn(c([C@H]3CCN(CC3)C(=O)CNC(=O)[C@H]([N]C(=[NH2])N)CC(C)C)c2)C)ccc(OCc2ccc(NC(=O)C)cc2)c1Cl,0
N/A,N/A,O=C([O])[C@H]([NH3])Cc1ccccc1,0
N/A,N/A,O[C@H](C[NH3])C,0
N/A,N/A,Clc1c(c2nn(c([C@H]3CCN(CC3)C(=O)CNC(=O)[C@H]([N]C(=[NH2])N)CC(C)C)c2)C)ccc(OCc2oc(cc2)C(=O)O)c1Cl,0
N/A,N/A,S(O[C@H]1[C@H](O)[C@@H](NC(=O)C)[C@H](O[C@@H]2[C@H]([NH2][C@@H](C2)C(=O)NCCS(O)([O])[O])CO)O[C@@H]1CO)(O)([O])[O],0
N/A,N/A,Oc1ccc([C@H]([NH3])C(=O)[O])cc1,0
N/A,N/A,[O][N](CCCCCCCCCC)(C)C,0
N/A,N/A,s1c(CNc2[nH]c3c(n2)cccc3)ccc1c1nc(sc1)[N]C(=[NH2])N,0
N/A,N/A,S([O])([O])([O])CCC[N](CC)(C)C,0
N/A,N/A,S(O)([O])([O])CCC[N](CCCCCCCCCCCC)(C)C,0
N/A,N/A,OC(=O)[C@@H](N)CCCNC(=[NH2])NCCC,0
N/A,N/A,O[C@@H](C[N](C)(C)C)CC(=O)O,0
N/A,N/A,[NH3][C@H]1[C@@H](C1)c1ccccc1,0
N/A,N/A,O=C([O])[C@@H]([NH3])Cc1cc(ccc1)C,0
N/A,N/A,S(=O)(=O)(N1C[C@H]2N([C@@H](CC2)C(=O)NCC2CCN(CC2)C(=[NH2])[N]O)C(=O)C1)Cc1ccccc1,0
N/A,N/A,ONC(=[NH2])[N]CCCC,0
N/A,N/A,OC(=O)C[N]C(=[NH2])N,0
N/A,N/A,S(S)C[C@H]([NH3])C(=O)[O],0
N/A,N/A,S([O])([O])([O])N1[C@H]([C@H](NC(=O)/C(=N\OC(C)(C)C(=O)O)/c2nc(sc2)[NH3])C1=O)C,0
N/A,N/A,[N](CCCCCCCCCCCC)(C)(C)C,0
N/A,N/A,o1c2c(ccc(N(CC)CC)c2)cc(c1=O)C(=O)/[NH]=C/[CH]N1C(=O)CCC1=O,0
N/A,N/A,s1c(nc2c1cccc2)C(=O)[C@@H](NC(=O)[C@H]1N(C[C@H](O)C1)C(=O)C)CCC[N]C(=[NH2])N,0
N/A,N/A,O(N)CC[C@H]([NH3])C(=O)[O],0
N/A,N/A,O=C(Nc1c(NC(=O)C)ccc(c1)C(=O)O)C[NH3],0
N/A,N/A,S1C[C@H]([NH2]C1)C(=O)[O],0
N/A,N/A,S(=O)(=O)C[C](/C(=[NH]/c1n2c(cc1C=O)cccc2)/C(=O)O)/C=C/C(=O)N,0
N/A,N/A,[O]C(=O)[C@@H]([NH3])CC1CCCCC1,0
N/A,N/A,FC(F)(F)C1=[N]=C([NH])C(=C)C=N1,0
N/A,N/A,Oc1cc2c(C[C@H]([NH3])C(=O)[O])c[nH]c2cc1,0
N/A,N/A,OC(=O)CCNCc1ccc(C[NH3])cc1,0
N/A,N/A,S(C[C@H]([NH3])C(=O)[O])CC(=O)N,0
N/A,N/A,S(CC)C(=[NH2])[N]c1ccc(cc1)C(F)(F)F,0
N/A,N/A,[NH3]C1CCCCC1,0
N/A,N/A,o1n(C[C@H]([NH3])C(=O)[O])c(=O)[nH]c1=O,0
N/A,N/A,N1(CCCCCCc2n(nnc2)CCNc2c3CCCCc3nc3c2cccc3)C(=c2c(=C3[C]1C=C([NH])C=C3)ccc([NH3])c2)c1ccccc1,0
N/A,N/A,Fc1c(N2CC[NH](CC2)C)c2OC[C@H](n3c2c(c1)c(=O)c(c3)C(=O)[O])C,0
N/A,N/A,[N](C)(C)(C)C,0
N/A,N/A,O=C1N(CCCC[C@@H]1NC(=O)/C(=[NH]\C(=O)C)/[CH]c1cc(c(cc1)CC(=O)O)C=O)Cc1ccc(cc1)c1ccccc1,0
N/A,N/A,S(SC[C@H]([NH3])C(=O)[O])C[C@H]([NH3])C(=O)[O],0
N/A,N/A,O(c1cc(CC2=C[NH2][C](N=C2[NH])N)cc(OC)c1OC)C,0
N/A,N/A,[NH3]C(=N)c1ccccc1,0
N/A,N/A,O(CC[N](C)(C)C)C(=O)C,0
N/A,N/A,Ic1c2c(sc(c2)C(=[NH2])N)ccc1,0
N/A,N/A,OC(=O)[C@@H](N)CCC[N]C(=[NH2])NO,0
N/A,N/A,SC[C@@H]([NH3])C(=O)[O],0
N/A,N/A,O=C(c1[nH]c2c(n1)ccc(c2)C(=[NH2])N)c1[nH]c2c(n1)ccc(c2)C(=[NH2])N,0
N/A,N/A,[O]C(=O)[C@@H]([NH3])C=C,0
N/A,N/A,O=C(N)[C@@H]([N](C)(C)C)CCc1[nH]c(C[C@H]([NH3])C(=O)[O])cn1,0
N/A,N/A,O=C([O])[C@H]([NH3])Cc1c2c([nH]c1)cccc2,0
N/A,N/A,Fc1ccc(C[NH3])cc1,0
N/A,N/A,s1c(nc2c1cccc2)C(=O)[C@@H](NC(=O)C1CCCC1)CCC[N]C(=[NH2])N,0
N/A,N/A,OC(=O)[C@@H](N)CCC[N]C(=[NH2])C,0
N/A,N/A,S([O])([O])([O])CC[NH2]C1CCCCC1,0
N/A,N/A,O1[N]C(=O)C(=C1C(C)(C)C)C[C@H]([NH3])C(=O)[O],0
N/A,N/A,O(CC[N](C)(C)C)C(=O)N,0
N/A,N/A,FC(F)(F)C(O)(O)c1cc([N](C)(C)C)ccc1,0
N/A,N/A,Fc1c2c(C[C@H]([NH3])C(=O)[O])c[nH]c2ccc1,0
N/A,N/A,O=C([O])[C@H]1[NH2][C@@H]2[C@H](C1)CCCC2,0
N/A,N/A,OCCCC[C@H]([NH3])C(=O)[O],0
N/A,N/A,O=C(N1CCN(CC1)C(=O)NC(C)(C)C)N[C@@H]([C@@H](CCC[N]C(=[NH2])N)C=O)C(=O)O,0
N/A,N/A,O1[C@H]([C@H](NC(=O)C)[C@@H]([N]C(=[NH2])N)C[C@@H]1C(=O)O)[C@H](O)[C@H](O)CO,0
N/A,N/A,[O]C(=O)[C@@H]([NH3])C[C@@H](C)C(=O)[O],0
N/A,N/A,S(=O)(=O)[C@]([C@@H](/[NH]=C/[CH]C=O)C(=O)O)(Cn1nncc1)C,0
N/A,N/A,Clc1cc(CNCCc2ccc([N]C(=[NH2])c3sccc3)cc2)ccc1,0
N/A,N/A,O=C(NC)CC[C@H]([NH3])C(=O)[O],0
N/A,N/A,O1[C@H]([C@H](NC(=O)C)[C@@H]([N]C(=[NH2])N)C=C1C(=O)O)C(=O)N(CCC)C,0
N/A,N/A,Oc1cc(C[C@H]([NH3])C(=O)[O])ccc1,0
N/A,N/A,OC[N](CO)(CO)C,0
N/A,N/A,O=C([O])[C@@H]([NH3])CCC[C@H]([NH3])C(=O)[O],0
N/A,N/A,O=C1N([C@@H](Cc2ccccc2)C(=O)N[C@@H](CC(=O)N[C@@H](CC(=O)N[C@@H](C(=O)N[C@H]1CCC[N]C(=[NH2])NC(=O)NC)C)C(=O)O)C(=O)O)C,0
N/A,N/A,OCCCNC(=[NH2])N,0
N/A,N/A,S(=O)(=O)(NC(=O)N(C1=N[C](N=[C](=N1)OC)C)C)c1c(cccc1)C(=O)OC,0
N/A,N/A,[O]C(=O)[C@@H]([NH3])CCC(=O)O,0
N/A,N/A,Ic1ccc(C[C@H]([NH3])C(=O)[O])cc1,0
N/A,N/A,P(=O)(OC[C@H]1O[C@@H](n2cc(c(=O)[nH]c2=O)C)C[C@@H]1N=[N]=[N])(O)O,0
N/A,N/A,SC(=[NH2])[N]c1ccccc1,0
N/A,N/A,O[C@@H]([C@@H]([NH3])C(=O)[O])C,0
N/A,N/A,S(CC)C(=[NH2])[N]c1ccccc1,0
N/A,N/A,OC(=O)[C@@H](N)CCCNC(=[NH2])CCC,0
N/A,N/A,S[CH]/C=[NH]/C(=O)CCNC(=O)[C@H](O)C(CO)(C)C,0
N/A,N/A,O[N]C(=[NH2])N,0
N/A,N/A,OC(=O)[C@@H]([NH3])CCC=O,0
N/A,N/A,O=C(N[C@@]12C[C@H]3C[C@@H](C1)C[C@@H](C2)C3)NCc1ccc([N]C(=[NH2])N)cc1,0
N/A,N/A,FC(F)(F)[C@@H]([NH3])C(=O)[O],0
N/A,N/A,S(CC[C@H]([NH3])C(=O)[O])C(F)(F)F,0
N/A,N/A,OC[C@@H]([NH3])Cc1[nH]cnc1,0
N/A,N/A,S1[C@H]2N([C@H](C1(C)C)C(=O)[O])C(=O)[C@H]2NC(=O)CCCC[C@H](NC(=O)C[NH3])C(=O)[O],0
N/A,N/A,O([C@@H](C[N](C)(C)C)CC(=O)O)C(=O)CCCCCCC,0
N/A,N/A,[S]([O])([O])[C@]([C@@H](/[NH]=C/[CH]C=O)C(=O)O)(Cn1nncc1)C,0
N/A,N/A,Clc1cc2[nH]c(c3c(O)c(c4ccccc4)ccc3)cc2cc1C(=[NH2])N,0
N/A,N/A,s1c(cc2c1nccc2)C(=[NH2])N,0
N/A,N/A,S(C[C@H]1[NH2][C@H]([C@H](O)[C@@H]1O)c1c2ncnc(O)c2[nH]c1)C,0
N/A,N/A,OC(=O)[C@@H](N)CCCNC(=[NH2])NCC=C,0
N/A,N/A,O=C([C@H]([NH3])C(=O)[O])C,0
N/A,N/A,OC(=O)/C(=[NH]/C)/[CH2],0
N/A,N/A,OC[C@@H]([NH3])C(=O)[O],0
N/A,N/A,O=C([O])[C@H]([NH3])CC(=O)N,0
N/A,N/A,P(=O)(OCC[N](C)(C)C)(O)O,0
N/A,N/A,SC(=[NH2])[N]CCC[C@H](N)C(=O)O,0
N/A,N/A,Clc1c(c2n[nH]c([C@@H]3CCN(CC3)C(=O)CNC(=O)[C@H]([N]C(=[NH2])N)C3CCCCC3)c2)cccc1Cl,0
N/A,N/A,OC(=O)[C@@H](N)CCCC[N]C(=[NH2])N,0
N/A,N/A,OC(=O)[C@@H](N)CCCC[N](C)(C)C,0
N/A,N/A,[NH]([C@H]1CCC(=CC1)C)(CCC=C(C)C)C,0
N/A,N/A,O=C(N)[C@@H](N)CCCC[NH3],0
N/A,N/A,Clc1ccc(CCCSC2=NC(=[N]=C(NCCc3ccc(O)cc3)[N]2)N2CCNCC2)cc1,0
N/A,N/A,OC(=O)[C@H](N)CCC[N]C(=[NH2])N,0
N/A,N/A,[N](#[C])CCC,0
N/A,N/A,s1c(c(nc1C)C)[C]1N=[C](=NC=C1)/N=C/NO,0
N/A,N/A,O[C@@H]([C@@H](O)CNC1=C([N][O])C(=[N]=[C](=N1)O)O)[C@H](O)CO,0
N/A,N/A,[O][N](CCCCCCCCCCCC)(C)C,0
N/A,N/A,O[C@@H](c1c2c([nH]c1)cccc2)[C@H]([NH3])C(=O)[O],0
N/A,N/A,O=C([O])c1c([NH3])cccc1,0
N/A,N/A,O=C([O])[C@@H]([NH3])CCC,0
N/A,N/A,OC(=O)[C@@H](NCCC(=O)O)CCC[N]C(=[NH2])N,0
N/A,N/A,Fc1c(N2CC[NH](CC2)C)cc2n(CC)cc(c(=O)c2c1)C(=O)[O],0
N/A,N/A,ONC(=[NH2])[N]CCC[NH3],0
N/A,N/A,[P@](=O)(OC[C@H]1O[C@@H](n2c3ncnc(N)c3nc2)[C@H](O)[C@@H]1O)(OC(=O)[C@@H]([NH3])Cc1[nH]cnc1)[O],0
N/A,N/A,N(C1=[N]=C(N(C)C)[N]C(=N1)N(C)C)(C)C,0
N/A,N/A,O=C([O])[C@@H]([NH3])Cc1c2c([nH]c1)nccc2,0
N/A,N/A,OC(=O)[C@@H](N)CCC[N]C(=[NH2])NN(=O)=O,0
N/A,N/A,OC(=O)/C(=[NH]\C)/[CH]C,0
N/A,N/A,S(CC[N](C)(C)C)C(=O)CCC,0
N/A,N/A,O=C([O])[NH3],0
N/A,N/A,O=C(NCCCCNC(=[NH2])N)[C@@H](NC(=O)[C@@H](O)CC(=O)O)CC(C)C,0
N/A,N/A,SCCCNC(=O)[C@@H](NC(=O)CNC(=O)[C@H]([N]C(=[NH2])N)C1CCCCC1)C,0
N/A,N/A,O1[C@@H](n2cc(c(=O)[nH]c2=O)C)C[C@H](N=[N]=[N])[C@H]1CO,0
N/A,N/A,[O]C(=O)[C@H]1[N](CCC1)(C)C,0
N/A,N/A,Oc1ccc([C@H]([NH3])C(=O)[O])cc1,0
N/A,N/A,[O]C(=O)CN(C(=N)[NH3])C,0
N/A,N/A,OC(O)(c1[nH]c2c(n1)ccc(c2)C(=[NH2])N)c1[nH]c2c(n1)ccc(c2)C(=[NH2])N,0
N/A,N/A,Oc1ccc([C@@H]([NH3])C(=O)[O])cc1,0
N/A,N/A,[N](#[C])C,0
N/A,N/A,O[C@H]1N2[C@@H](Cc3[nH]cnc3)C(=O)N[C@H](C(=O)N[C@H](C(=O)N3[C@H](CCC3)C(=O)N[C@@H](C1)C2=O)CCC[N]C(=[NH2])NC(=O)C)CCCC(=O)O,0
N/A,N/A,S(S(O)([O])[O])C[C@H]([NH3])C(=O)[O],0
N/A,N/A,[O]C(=O)[C@@H]([NH3])CCC=O,0
N/A,N/A,O[C@@](C1CCCCC1)(CC[N](CC)(CC)CC)c1ccccc1,0
N/A,N/A,O=CC[N](C)(C)C,0
N/A,N/A,[O]C(=O)[C@H]([NH3])CCCC,0
N/A,N/A,N(c1ccc(/[NH]=C/[C](c2n[nH]nn2)C#N)cc1)c1ccccc1,0
N/A,N/A,FC1=C([C](F)C(=[N]=C1Oc1cc(ccc1)C(=[NH2])N)Oc1cc(ccc1)C(=N)N)C,0
N/A,N/A,O=C1N2[C@@H](CCC2)C(=O)N[C@H]1CCC[N]C(=[NH2])N,0
N/A,N/A,Fc1cc(C[C@H]([NH3])C(=O)[O])ccc1O,0
N/A,N/A,O=c1[nH]cccc1c1[nH]c2c(n1)ccc(c2)C(=[NH2])N,0
N/A,N/A,s1c2c(cc1C(=[NH2])N)cccc2,0
N/A,N/A,O=C([O])[C@H]([NH3])CC,0
N/A,N/A,OC(=O)C[N](C)(C)C,0
N/A,N/A,O=C([O])CCCCC[NH3],0
N/A,N/A,O[C@H](c1ccc(N(=O)=O)cc1)CN=[N]=[N],0
N/A,N/A,[O]C(=O)[C@H]([NH2]C)CC(C)C,0
N/A,N/A,S([C@@H](CC(=O)O)C(=O)O)CC[N]C(=[NH2])N,0
N/A,N/A,O1[C@@H]2[C@]34[C@](O)([C@H]([N](CC3)(CC=C)C)Cc3c4c1c(O)cc3)CCC2=O,0
N/A,N/A,O[C@@H]([C@H]([NH3])C(=O)[O])C(=O)N,0
N/A,N/A,P(=O)(O)(O)C[NH2]CC(=O)O,0
N/A,N/A,[P@@](=O)(OC[C@H]1O[C@@H](n2cc(c(=O)[nH]c2=O)C)C[C@@H]1N=[N]=[N])(OP(=O)(O)O)O,0
N/A,N/A,Clc1ccc([N]C(=[NH2])NO)cc1,0
N/A,N/A,N1C2=C(CCCC2)C(=C2C1=CC=C[CH]2)NCCCCCCCC[NH3],0
N/A,N/A,[O]C(=O)C1([NH3])CCCC1,0
N/A,N/A,O=C([O])[C@@H]([NH3])Cc1ccc(cc1)c1ccccc1,0
N/A,N/A,[P@@](=O)(OCC[N](C)(C)C)(OC[C@H](O)CO)[O],0
N/A,N/A,S(C(=[NH2])NCCC[C@H](N)C(=O)O)C[C@H](N)C(=O)O,0
N/A,N/A,Fc1c(N2CC[NH2]CC2)cc2n(C3CC3)cc(c(=O)c2c1)C(=O)[O],0
N/A,N/A,SC[C@H]([NH3])C(=O)[O],0
N/A,N/A,Ic1ccc(C[C@@H]([NH3])C(=O)[O])cc1,0
N/A,N/A,SC[C@H](c1cc([N]C(=[NH2])N)ccc1)C(=O)O,0
N/A,N/A,[P@](=O)(OC[C@@H](O)COC(=O)C)(OCC[NH3])O,0
N/A,N/A,O=C(N1[C@@H](CCC1)C(=O)NCCCC[N]C(=[NH2])N)[C@@H](NC(=O)c1ccc(N(=O)=O)cc1)CC(C)C,0
N/A,N/A,S(=O)(=O)(N[C@H](C(=O)N1[C@@H](CCC1)C(=O)NCCCC[N]C(=[NH2])N)CC(C)C)Cc1ccccc1,0
N/A,N/A,[N](CCCC)C(=[NH2])[N]C(=[NH2])N,0
N/A,N/A,O([C@@H]1[C@@]2([C@H]([C@H]3[C@@H]([C@@]4([C@@H](CC3)C[C@H](OC(=O)C)[C@@H](N3CCCCC3)C4)C)CC2)C[C@@H]1[N]1(CCCCC1)CC=C)C)C(=O)CC,0
N/A,N/A,O([C@H]1C[N](CCC1)(C)C)C(=O)C(O)(c1ccccc1)c1ccccc1,0
N/A,N/A,O(C[C@H]1NC(=O)[C@@H](C1)CC(=O)OC)c1ccc(cc1)c1ccc(cc1)C(=[NH2])[N]C(=O)OC,0
N/A,N/A,O(C([C@H](O[C]1=[N]=C(OC)[CH]C(=[N]=1)OC)C(=O)O)(c1ccccc1)c1ccccc1)C,0
N/A,N/A,O=C(N1[C@@H](CC1)C(=O)NCc1ccc(cc1)C(=[NH2])[N]O)[C@H](NCC(=O)OCC)C1CCCCC1,0
N/A,N/A,O1[C@H]([C@H](NC(=O)C)[C@@H]([N]C(=[NH2])N)C=C1C(=O)O)[C@H](O)[C@H](O)CO,0
N/A,N/A,[O][N](CCNc1c2c(c(NCC[N]([O])(C)C)cc1)C(=O)c1c(C2=O)c(O)ccc1O)(C)C,0
N/A,N/A,[NH2]=C(N)[N]N,0
N/A,N/A,O1CCN(CC1)[C]1N=[C](=NC(=C1)N[N][CH]c1cc(ccc1)C)OCCc1ncccc1,0
N/A,N/A,Clc1c([N]C(=[NH2])N(c2cc(SC)ccc2)C)cc(SC)cc1,0
N/A,N/A,O[C@@H](C[N](C)(C)C)CC(=O)[O],0
N/A,N/A,O=C([O])[C@@H]([NH3])CCCNC(=O)N,0
N/A,N/A,S(=O)(=O)(NC1=CC(=[N]=[C](=N1)OC)OC)c1ccc(N)cc1,0
N/A,N/A,S([O])([O])([O])c1c(N2CC[NH2]CC2)ccc(c1)C,0
N/A,N/A,O(c1ccc(C(c2ccc(O)cc2)(C)C)cc1)Cc1cc(COc2ccc(cc2)C(=[NH2])[N]C(=O)OCC)ccc1,0
N/A,N/A,O[C@@H]([C@H]([NH3])C(=O)[O])c1cc(O)c(O)cc1,0
N/A,N/A,O=C(NCC(=O)[O])[C@H](C[NH]1C[C@@H]([C@](CC1)(C)c1cc(O)ccc1)C)Cc1ccccc1,0
N/A,N/A,Clc1ccc([C@H](N2CC[NH](CC2)CCOCC(=O)[O])c2ccccc2)cc1,0
N/A,N/A,Clc1nc(c(nc1N)N)C(=O)[N]C(=[NH2])N,0
N/A,N/A,O[C@@H]([C@H]([NH3])C(=O)[O])C,0
N/A,N/A,O(C([C@H](O[C]1=N[C](C=C(N=1)C)C)C(=O)O)(c1ccccc1)c1ccccc1)C,0
N/A,N/A,S(=O)(=O)(c1c(C(C)C)ccc(c1)C(=O)[N]C(=[NH2])N)C,0
N/A,N/A,o1c(c2ccc(cc2)C(=[NH2])[N]OC)ccc1c1ccc(cc1)C(=[NH2])[N]OC,0
N/A,N/A,O1[N]C(=O)C2=C1C[NH2]CC2,0
N/A,N/A,O[C@H]1[C@H]([C@H]([N]C(=[NH2])N)C[C@@H]1C(=O)O)[C@@H](NC(=O)C)C(CC)CC,0
N/A,N/A,Ic1cc(C[N]C(=[NH2])N)ccc1,0
N/A,N/A,O([C@H](C[N](C)(C)C)C)C(=O)C,0
N/A,N/A,[O]C(=O)C[N](C)(C)C,0
N/A,N/A,O[C@](C1CCCCC1)(CN1CC[N](CC1)(C)C)c1ccccc1,0
N/A,N/A,O[C@@]12[C@]34CC[N]([C@@H]1Cc1c4c(O[C@H]3C(=O)CC2)c(O)cc1)(CC1CC1)C,0
N/A,N/A,O[C@@H]1N=C(N[C@@H]([C@@H]2NC(=O)[C](NC(=O)[C@@H](NC(=O)[C@@H](NC(=O)[C@@H](NC(=O)C[C@@H](N)CCCN)CNC2=O)CO)CO)/C=[NH]/C(=O)N)C1)N,0
N/A,N/A,ClC[C@@H](O)[C@@H](NC(=O)[C@H]1N(CCC1)C(=O)[C@H]([NH3])Cc1ccccc1)CCC[N]C(=[NH2])N,0
N/A,N/A,Clc1cc(C(=O)N(C2CCCC2)CC=C)cc(OCCCO[N]C(=[NH2])N)c1,0
N/A,N/A,OCc1ccc([N]C(=[NH2])N)cc1,0
N/A,N/A,Clc1c(c(Cl)ccc1)[CH][N][N]C(=[NH2])N,0
N/A,N/A,P(=O)(O)(O)[C@@]([P@@](=O)(O)[O])(O)CCC[NH3],0
N/A,N/A,O=C([N]C(=[NH2])N)Cn1c(ccc1c1ccccc1)c1ccccc1,0
N/A,N/A,O=C(N1[C@@H](CCC1)C(=O)NCc1ccc(cc1)C(=[NH2])N)[C@H](N)Cc1ccccc1,0
N/A,N/A,O1c2c(OC1)ccc(OC1=[N]=[C](=NC=C1)Oc1ccc(n3ccnc3)cc1)c2,0
N/A,N/A,O1c2c(OC1)ccc(OC1=[N]=[C](=NC(=C1)C)Oc1ccc(n3ccnc3)cc1)c2,0
N/A,N/A,Clc1c(c2scc(c2CC(=O)[N]C(=[NH2])N)c2ccc(OCCC)cc2)cccc1,0
N/A,N/A,O(c1ccc(NC(=O)CC[C@H]([NH3])C(=O)[O])cc1)Cc1ccccc1,0
N/A,N/A,Clc1ccc(SCC(=O)N[C@@H](Cc2ccc([N]C(=[NH2])N)cc2)C(=O)N)cc1,0
N/A,N/A,O=C(N(c1ccccc1)c1ccccc1)N[N]C(=[NH2])N,0
N/A,N/A,O=C(Cc1ccc([N]C(=[NH2])N)cc1)c1ccccc1,0
N/A,N/A,[O]C(=O)[C@@H]([NH3])C(C)C,0
N/A,N/A,Brc1cc2[C](/C=[NH]/c3ccc(CN4CCCC4)cc3)C(=O)NC(=O)c2cc1,0
N/A,N/A,[P@](=O)(O)(C[C@H](c1cc([N]C(=[NH2])N)ccc1)C(=O)O)CCCc1ccccc1,0
N/A,N/A,Clc1cc(NC2=[N]=C(Nc3cc(OC)c(OC)c(OC)c3)N=C[N]2)ccc1OC,0
N/A,N/A,S(Cc1cc(ccc1)C(F)(F)F)C(=N)[N]C(=[NH2])N,0
N/A,N/A,O1CC[C](C1=O)/C=[NH]/c1ccccc1,0
N/A,N/A,Brc1c(cc2c(c1)cccc2)C1=[N]=C([N]C(=N1)N)N,0
N/A,N/A,S(=O)(=O)(NCc1nc(nc(c1)C)N)c1cc(/[NH]=C/[C]2CCOC2=O)ccc1,0
N/A,N/A,Clc1c(c2c([nH]cc2)cc1)CC1=[N]=C(Nc2ccc(cc2)C#N)[N]C(=N1)N,0
N/A,N/A,Clc1c(O[C]2=N[C](Nc3ccc(cc3)C#N)N=C(N=2)N)c(Cl)ccc1,0
N/A,N/A,ClC1=NC(=[N]=C(NCC)[N]1)NC(C)C,0
N/A,N/A,O=C(N)[C@@H](NC(=O)c1ccccc1)CCC[N]C(=[NH2])C,0
N/A,N/A,s1c(nc(C(=O)NCCCC[N]C(=[NH2])N)c1)c1ncsc1,0
N/A,N/A,ClC1=NC(=[N]=C(NCC)[N]1)N[C@](CC)(C)C#N,0
N/A,N/A,ClC1=NC(=[N]=C(NCC)[N]1)N[C@@](CC)(C)C#N,0
N/A,N/A,O=C([O])C[N](CCCCCCCCCCCC)(C)C,0
N/A,N/A,[O][N](CCCCCCCCCCC)(C)C,0
N/A,N/A,o1c(c(c2c([NH2]CC(=O)[O])ncnc12)c1ccccc1)c1ccccc1,0
N/A,N/A,FC(F)(CNc1c(F)c(CC(=O)NCCO[N]C(=[NH2])N)c(cc1)C#N)c1ncccc1,0
N/A,N/A,Fc1ccc(CN2C(=O)[C@H]3[C@H]4[N@@]([C@H]([C@H]3C2=O)c2ccc(cc2)C(=[NH2])N)CCC4)cc1,0
N/A,N/A,O(C(=O)[C@@H](NC(=O)[C@@H]([NH3])CC(=O)[O])Cc1ccccc1)C,0
N/A,N/A,[O][N]1([C@H]2N(c3c([C@]2(CC1)C)cc(OC(=O)Nc1c(CC)cccc1)cc3)C)C,0
N/A,N/A,O1[C@H]2[C@@]3([C@H]([N]([O])(CCC3)CC(=O)Nc3ccc(NC(=O)CCCC(=O)O)cc3)CC[C@@]12C)C,0
N/A,N/A,O([C@@H]1[C@@]2([C@H]([C@H]3[C@@H]([C@@]4([C@@H](CC3)C[C@H](O)[C@@H](N3CCOCC3)C4)C)CC2)C[C@@H]1[N]1(CCCC1)CC=C)C)C(=O)C,0
N/A,N/A,Fc1c(Cn2c3N=[C](=N[C](NCCN4CCOCC4)c3nc2)OCCCC)c(F)ccc1,0
N/A,N/A,Clc1c(c(F)c(NCC(F)(F)c2ccccc2)cc1)CC(=O)NCCO[N]C(=[NH2])N,0
N/A,N/A,Clc1c(CC(=[NH2])[N]/C(=N/c2ccc(cc2)C#N)/S)c(Cl)ccc1,0
N/A,N/A,Fc1c(Nc2n(C(C)C)c3N=[C](=N[CH]c3n2)Oc2c(F)cccc2F)cccc1,0
N/A,N/A,S(=O)(=O)(NC)c1ccc(/[NH]=C/[C]2c3c(NC2=O)cccc3)cc1,0
N/A,N/A,S1(=O)(=O)Cc2c(C1)ccc(/[NH]=C/[C]1c3c(NC1=O)ccc(c3)c1ocnc1)c2,0
N/A,N/A,S(=O)(=O)(Nc1sccn1)c1ccc(/[NH]=C/[C]2c3c(NC2=O)cccc3)cc1,0
N/A,N/A,S(=O)(=O)([N]C(=[NH2])N)c1ccc(/[NH]=C/[C]2c3c(NC2=O)cccc3)cc1,0
N/A,N/A,S(C1=C(N2[C@@H]([C@H](C2=O)[C@H](O)C)[C@H]1C)C(=O)[O])[C@H]1C[C@H]([NH2]C1)C(=O)N(C)C,0
N/A,N/A,Clc1ccc(C[C@@]2([NH3])CC[N@@](CC2)[C]2N=C[N]c3[nH]ccc23)cc1,0
N/A,N/A,S(C1=NC(=[N]=C(NCC)[N]1)NC(C)(C)C)C,0
N/A,N/A,[O][N]1(CCCCC1)CCc1ccc(NC(=O)CCCC(=O)O)cc1,0
N/A,N/A,S(=O)(=O)(N[C@@H](Cc1ccc(OCCCCC2CC[NH2]CC2)cc1)C(=O)[O])CCCC,0
N/A,N/A,O(CCO[C]1=NC(=N[C](N=1)N)N)c1ccccc1,0
N/A,N/A,O(CC[N](C(C)C)(C(C)C)C)C(=O)C1c2c(Oc3c1cccc3)cccc2,0
N/A,N/A,Brc1ccc(CSC[C@H]([NH3])C(=O)[O])cc1,0
N/A,N/A,[O]C(=O)[C@@H]([NH3])Cc1ccc(cc1)C(=O)c1ccccc1,0
N/A,N/A,Fc1ccc(c2c(n(oc2=O)COCC)[C]2N=[C](=NC=C2)Oc2c(O)cccc2)cc1,0
N/A,N/A,O1C(=N[C](/C=[NH]/CCCC(=O)O)C1=O)c1ccccc1,0
N/A,N/A,Clc1c(C(=O)Nc2c(cc(O[C]3=N[CH]C=CN=3)cc2)C(=O)O)ccc(Cl)c1,0
N/A,N/A,Clc1c([N]C(=[NH2])[N]C(=[NH2])N)cc(cc1)C(F)(F)F,0
N/A,N/A,O(c1cc([N]C(=[NH2])[N]C(=[NH2])N)cc(OC)c1)C,0
N/A,N/A,[O]c1c(NC(=O)C)c([NH3])cc(c1)C(=O)O,0
N/A,N/A,s1c(nc2c1cccc2)C(=O)[C@@H](N)CCC[N]C(=[NH2])N,0
N/A,N/A,o1c(C2=NN3C(=[N]=C(NCCc4ccc(O)cc4)N=C3N)[N]2)ccc1,0
N/A,N/A,S1[C@H]2N([C@H](C1(C)C)C(=O)O)C(=O)[C@H]2NC(=O)[C@H](N=[N]=[N])c1ccccc1,0
N/A,N/A,S1C[C@H]([NH2][C@@H](CCc2ccccc2)C(=O)OCC)C(=O)N(C[C@H]1c1sccc1)CC(=O)[O],0
N/A,N/A,[N](CC)(CC)(CC)CC,0
N/A,N/A,[N](CCCCN)C(=[NH2])N,0
N/A,N/A,O([C@@H](C[N](C)(C)C)CC(=O)[O])C(=O)C,0
N/A,N/A,Clc1ccc([C@H](C[NH3])CC(=O)[O])cc1,0
N/A,N/A,s1c(C(O)(C(=O)O[C@@H]2[C@H]3CC[N@@](C2)(CC3)CCCOc2ccccc2)c2sccc2)ccc1,0
N/A,N/A,Brc1ccc(c2c(NS(=O)(=O)NCCC)ncnc2OCCO[C]2=N[CH]C(=CN=2)Br)cc1,0
N/A,N/A,[N](CCCCCC[N](C)(C)C)(C)(C)C,0
N/A,N/A,O=C1NC[C@H](NC(=O)C[C@@H](N)[C@H](O)CCN)C(=O)N[C@H](C(=O)N[C@H](C(=O)N[C](C(=O)N[C@H]1[C@@H]1NC(=NCC1)N)/C=[NH]/C(=O)N)CO)CO,0
N/A,N/A,OC([C@]12CC[N@](CC1)(CC2)CCOCc1ccccc1)(c1ccccc1)c1ccccc1,0
N/A,N/A,O=C(N(c1ccc(/[NH]=C(/[C]2c3c(NC2=O)cc(cc3)C(=O)OC)\c2ccccc2)cc1)C)CN1CCN(CC1)C,0
N/A,N/A,[S]CC[NH3],0
N/A,N/A,Brc1c(C[N]2(CCOCC[C@H]3[C@@H]4C([C@@H](C4)CC3)(C)C)CCOCC2)cc(OC)c(OC)c1,0
N/A,N/A,O=C(CCC(=O)[O])C[NH3],0
N/A,N/A,SC([C@@H]([NH3])C(=O)[O])(C)C,0
N/A,N/A,[O]C(=O)/C=C/c1nc(/C(=C/C[NH]2CCCC2)/c2ccc(cc2)C)ccc1,0
N/A,N/A,OCC[N](C)(C)C,0
N/A,N/A,O(CC[N](Cc1ccccc1)(C)C)CCOc1ccc(C(CC(C)(C)C)(C)C)cc1,0
N/A,N/A,O=C(N[C@@H](CCCC[NH3])C(=O)[O])[C@@H](NC(=O)CN)Cc1[nH]cnc1,0
N/A,N/A,Clc1ccc(NC(=[NH2])[N]C(=[NH2])[N]CCCCCC[N]C(=[NH2])[N]C(=[NH2])Nc2ccc(Cl)cc2)cc1,0
N/A,N/A,Fc1c(N2[C@H]3C[C@H]([NH](C3)C)C2)cc2n(C3CC3)cc(c(=O)c2c1)C(=O)[O],0
N/A,N/A,O=C(N1[C@@H](Cc2c(C1)cccc2)C(=O)[O])[C@@H]([NH2][C@@H](CCc1ccccc1)C(=O)OCC)C,0
N/A,N/A,Fc1c2n(C3CC3)cc(c(=O)c2c(F)c(F)c1N1C[C@@H]([NH2][C@@H](C1)C)C)C(=O)[O],0
N/A,N/A,Fc1c(N2CC[NH2]CC2)cc2n(cc(c(=O)c2c1)C(=O)[O])c1ccc(F)cc1,0
N/A,N/A,O([C@@H]1O[C@H]([C@@](O)([C@H]1O[C@@H]1O[C@H]([C@H](O)[C@@H](O)[C@@H]1NC)CO)CO)C)[C@@H]1[C@@H]([N]C(=[NH2])N)[C@H](O)[C@@H]([N]C(=[NH2])N)[C@H](O)[C@H]1O,0
N/A,N/A,Clc1ccc(cc1)[CH][N]NC(=[NH2])[N][N][CH]c1ccc(Cl)cc1,0
N/A,N/A,O(CC[N](CCCCCCCCCCCC)(C)C)c1ccccc1,0
N/A,N/A,OCc1c(C[NH3])c([O])c(nc1)C,0
N/A,N/A,O=C(N1[C@@H](CN(C1=O)C)C(=O)[O])[C@@H]([NH2][C@@H](CCc1ccccc1)C(=O)OCC)C,0
N/A,N/A,O=C([O])[C@@H]([NH3])CCCNC(=[NH2])[N]C,0
N/A,N/A,O=C1N[C@@H](CCC[N]C(=[NH2])N)C(=O)NCC(=O)N[C@H](C(=O)N[C@@H](C(=O)N([C@H]1C(C)C)C)Cc1ccccc1)CC(=O)O,0
N/A,N/A,O=C(N1CC[C@H](N(C)C)CC1)c1ccc(NC(=O)Nc2ccc(C3=NC(=[N]=C(N4CCOCC4)[N]3)N3CCOCC3)cc2)cc1,0
N/A,N/A,[N](CCc1ccccc1)C(=[NH2])[N]C(=[NH2])N,0
N/A,N/A,Clc1ccc([C@@H](C[NH3])CC(=O)[O])cc1,0
N/A,N/A,[O]C(=O)[C@@H](CCC[NH3])Cc1ncn(c1)CCC,0
N/A,N/A,S(CCC(=[NH2])[N]S(=O)(=O)N)Cc1nc(sc1)[N]C(=[NH2])N,0
N/A,N/A,Fc1ccc(CC[N@]23C[C@H](OC(=O)[C@](N4CCCCC4)(C)c4ccccc4)[C@H](CC2)CC3)cc1,0
N/A,N/A,[P@](=O)(OC[C@H]1O[C@@H](n2ccc(nc2=O)N)[C@H](O)[C@@H]1O)(O[P@@](=O)(OCC[N](C)(C)C)[O])O,0
N/A,N/A,S(CC[C@H](N)C(=O)O)CC[N]C(=[NH2])C,0
N/A,N/A,O(CC[N](CC)(CC)C)C(=O)C1c2c(Oc3c1cccc3)cccc2,0
N/A,N/A,[N](C1c2c(-c3c1cccc3)cccc2)(CCCCCC[N](C1c2c(-c3c1cccc3)cccc2)(C)C)(C)C,0
N/A,N/A,O1[C@@](N=[N]=[N])([C@@H](OC(=O)C(C)C)[C@@H](OC(=O)C(C)C)[C@@H]1n1ccc(nc1=O)N)COC(=O)C(C)C,0
N/A,N/A,Clc1cc(NC(=[NH2])[N]C(=[NH2])[N]C(C)C)ccc1Cl,0
N/A,N/A,S(ON1[C@H]2CN([C@@H](CC2)C(=O)NC2CC[NH2]CC2)C1=O)([O])([O])[O],0
N/A,N/A,Clc1ccc(CCO[C]2=Nc3n([C@@H]4O[C@@H]([C@@H](O)[C@H]4O)CO)cnc3[C](N=2)N)cc1,0
N/A,N/A,Clc1cc([C@@H](O)C(=O)N2[C@@H](CC2)C(=O)NCc2ccc(cc2)C(=[NH2])[N]OC)cc(OC(F)F)c1,0
N/A,N/A,[O]C(=O)C[NH2]C,0
N/A,N/A,Fc1cc([C@@H](c2noc([N]C(=[NH2])N3CCOCC3)c2)C)ccc1c1ccccc1,0
N/A,N/A,O(c1cc2c(cc(cc2)C(=N)N)cc1)C(=O)c1ccc([N]C(=[NH2])N)cc1,0
N/A,N/A,OCC[N](C)(C)C,0
N/A,N/A,O([C]1=N[C]2N(Cc3cc(CN4CCCC4)ccc3)CC(=O)NC2=C(N=1)N)CCCC,0
N/A,N/A,S(=O)(=O)(C(C)C)c1c(NC2=[N]=C(Nc3c(OC)cc(N4CC[C@H](N5CCN(CC5)C)CC4)cc3)N=C[N]2)cccc1,0
N/A,N/A,O(C(=O)[C@@H](N)CCC[N]C(=[NH2])NN(=O)=O)C,0
N/A,N/A,O1[C@H]([C@H](NC(=O)C)[C@@H]([N]C(=[NH2])N)C=C1C(=O)O)[C@H](OC)[C@H](O)CO,0
N/A,N/A,O([C@H]1C[N](CC1)(C)C)C(=O)[C@@](O)(C1CCCC1)c1ccccc1,0
N/A,N/A,O(C(=O)CCCCC[N]C(=[NH2])N)c1ccc(cc1)C(=O)OCC,0
N/A,N/A,S(=O)(=O)(c1c(S(=O)(=O)C)cc(c(c1)C)C(=O)[N]C(=[NH2])N)C,0
N/A,N/A,[S@@]([O])([NH])(CC[C@H]([NH3])C(=O)[O])CCCC,0
N/A,N/A,FC(F)c1n(C2=NC(=[N]=C(N3CCOCC3)[N]2)N2CCOCC2)c2c(n1)cccc2,0
N/A,N/A,[O]C(=O)CC1(CCCCC1)C[NH3],0
N/A,N/A,[N]([N]C(=[NH2])N)[C](C)[CH][N][N]C(=[NH2])N,0
N/A,N/A,[NH]1=C2/N=c\3/[nH]/c(=N/C4=N/C(=N\C5=c6c(=C(/N=C\1/c1c2cccc1)[N]5)cccc6)/c1c4cccc1)/c1c3cccc1,0
N/A,N/A,O=C(N[N][CH]c1c([O])c(CC=C)ccc1)C[NH]1CCN(CC1)Cc1ccccc1,0
N/A,N/A,S(=O)(=O)(N[C@H](C(=O)N1CCN(CC1)C(=O)OCC)Cc1cc(ccc1)C(=[NH2])[N]O)c1c(C(C)C)cc(cc1C(C)C)C(C)C,0
N/A,N/A,Clc1c(C2=[N]=C([N]C(=N2)N)N)cc(Cl)cc1,0
N/A,N/A,S(=O)(=O)(N1[C@H](CN(CC1)C1=NC2=[N]=C(N=C[C]2S1)C1CC1)C(=O)NCc1cc(F)c(OC(F)(F)F)cc1)c1ccc(cc1)C(F)(F)F,0
N/A,N/A,[N](C(=[NH2])N)C(=N)N,0
N/A,N/A,O1C[C@H]2N([C@H](CC2)C1)C1=[N]=C(N2CCOCC2)[N]C(=N1)c1ccc(NC(=O)Nc2ccncc2)cc1,0
N/A,N/A,[O][N](CCC=C1c2c(CCc3c1cccc3)cccc2)(C)C,0
N/A,N/A,Oc1cc([N](CC)(C)C)ccc1,0
N/A,N/A,O(CC[N](CC)(CC)C)C(=O)C(O)(c1ccccc1)c1ccccc1,0
N/A,N/A,P(=O)(O)(O)[N]C(=[NH2])N(CC(=O)O)C,0
N/A,N/A,O1[C@@H](COc2c1cccc2)C[N]C(=[NH2])N,0
N/A,N/A,[O]C(=O)[C@H]([NH2]C(=O)C)CC(C)C,0
N/A,N/A,O=C([O])c1ccc(C[NH3])cc1,0
N/A,N/A,[N]1([C@H](C(=C(c2ccccc2)c2ccccc2)CC1)C)(CC)CC,0
N/A,N/A,Clc1c(CC(=O)[N]C(=[NH2])N)c(Cl)ccc1,0
N/A,N/A,N(CC)(CC)C1=[N]=C(N(CC)CC)N=C([N]1)NN,0
N/A,N/A,O([C@H](C[N](C)(C)C)C)C(=O)N,0
N/A,N/A,[N](CCCCCCCCCCCC)(Cc1ccccc1)(C)C,0
N/A,N/A,O[C@@H]([C@H](NC(=O)CN=[N]=[N])CO)c1ccc(N(=O)=O)cc1,0
N/A,N/A,O([C@H]1C[N](CC1)(CC)CC)C(=O)C(O)(c1ccccc1)c1ccccc1,0
N/A,N/A,Clc1c(c(Cl)ccc1)[CH][N][N]C(=[NH2])NO,0
N/A,N/A,S1c2c(N(C[C@H]([N](C)(C)C)C)c3c1cccc3)cccc2,0
N/A,N/A,O(CC[N](Cc1ccccc1)(C)C)c1ccccc1,0
N/A,N/A,O(CC[N](CC)(CC)C)C(=O)[C@H]([C@@H](CC)C)c1ccccc1,0
N/A,N/A,[N]([C@@H](CC(c1ccccc1)c1ccccc1)C)(CC)(C)C,0
N/A,N/A,O(C[C@H]1[N](CCC1)(C)C)C(=O)C(O)(c1ccccc1)c1ccccc1,0
N/A,N/A,O(C[C@H]1[N](CCCC1)(C)C)C(=O)C(O)(c1ccccc1)c1ccccc1,0
N/A,N/A,S([O])([O])([O])N1[C@@H]([C@H](NC(=O)/C(=N\OCC(=O)O)/c2nc(sc2)[NH3])C1=O)COC(=O)N,0
N/A,N/A,O[C@@H]1[C@@H]2[C@H]3[N@@]4([C@H]([C@@H]5N(c6c([C@@]15C3)cccc6)C)C[C@H]2[C@@H]([C@H]4O)CC)CCC,0
N/A,N/A,O1CCN(CC1)C(=N)[N]C(=[NH2])N,0
N/A,N/A,N1[C@H](CCCCCC1)C[N]C(=[NH2])N,0
N/A,N/A,Clc1ccc([N]C(=[NH2])[N]C(=[NH2])N2CCN(CC2)C(=[NH2])[N]C(=[NH2])[N]c2ccc(Cl)cc2)cc1,0
N/A,N/A,Brc1c([O])c(c2c(n(c(c2C(=O)OCC)CSc2ccccc2)C)c1)C[NH](C)C,0
N/A,N/A,O(CC[N](C)(C)C)[C@H](Cc1ccccc1)c1ccccc1,0
N/A,N/A,OC/C=C/1\[C@@H]2C[C@@H]3[N@@](CC[C@@]43[C@H]3N(C=C5[C@@H]6N(C=C23)c2c([C@@]36[C@H]6[N@@](CC3)(C/C(=C/CO)/[C@@H]5C6)CC=C)cccc2)c2c4cccc2)(C1)CC=C,0
N/A,N/A,Oc1cn(C[C@H]([NH3])C(=O)[O])ccc1=O,0
N/A,N/A,s1c([C@](O)(C2CCCC2)C(=O)OCC[N](CC)(CC)C)ccc1,0
N/A,N/A,S(=O)(=O)([N]C(=[NH2])S)c1ccc(N)cc1,0
N/A,N/A,S(P(=O)(OCC)OCC)CC[N](C)(C)C,0
N/A,N/A,[N]1(CCC(=C(c2ccccc2)c2ccccc2)CC1)(C)C,0
N/A,N/A,[O]C(=O)CCN[N](C)(C)C,0
N/A,N/A,S(=O)(=O)([N]C(=[NH2])N)c1ccc(N)cc1,0
N/A,N/A,O(C(=O)Cc1ccc(OC(=O)c2ccc([N]C(=[NH2])N)cc2)cc1)CC(=O)N(C)C,0
N/A,N/A,Fc1c(N2CC[NH2]CC2)cc2n(CC)cc(c(=O)c2c1)C(=O)[O],0
N/A,N/A,O=C(N)C(CC[N]1(CCCCC1)C)(c1ccccc1)c1ccccc1,0
N/A,N/A,S1c2c(N3CC[NH](CC3)C)c(F)cc3c2n(CC1)cc(c3=O)C(=O)[O],0
N/A,N/A,[N](CCCCCCCCCCCCCC)(Cc1ccccc1)(C)C,0
N/A,N/A,Clc1c(OCCN[N]C(=[NH2])N)c(Cl)ccc1,0
N/A,N/A,[O][N](CCCN1c2c(CCc3c1cccc3)cccc2)(C)C,0
N/A,N/A,O=c1c2c(nc(N3CC[NH2]CC3)nc2)n(CC)cc1C(=O)[O],0
N/A,N/A,S1c2c(N(C[C@H]([N](CCO)(C)C)C)c3c1cccc3)cccc2,0
N/A,N/A,O([C@H]1C[N](CCC1)(CC)C)C(=O)C(O)(c1ccccc1)c1ccccc1,0
N/A,N/A,s1c(C(=C2C[N](C[C@H](OC)C2)(C)C)c2sccc2)ccc1,0
N/A,N/A,FC(F)(F)c1nc(C2=[N]=C(NCC(O)(C)C)N=C(Nc3cc(ncc3)C(F)(F)F)[N]2)ccc1,0
N/A,N/A,O(CC[N](C)(C)C)C(=O)CCC(=O)OCC[N](C)(C)C,0
N/A,N/A,[N](CCCCCCCC)(CCCCCCCC)(C)C,0
N/A,N/A,S(CC[C@H]([NH3])C(=O)[O])C,0
N/A,N/A,N1(CC1)C1=[N]=C(N2CC2)[N]C(=N1)N1CC1,0
N/A,N/A,[O]C(=O)CC[C@H]([NH3])C=C,0
N/A,N/A,O([C@@H]1[C@@H]([N]C(=[NH2])N)[C@H](O)[C@@H]([N]C(=[NH2])N)[C@H](O)[C@H]1O)[C@@H]1O[C@H]([C@@](O)([C@H]1O[C@@H]1O[C@H]([C@H](O)[C@@H](O)[C@@H]1NC)CO)C=O)C,0
N/A,N/A,N(c1ccccc1)C(=[NH2])[N]c1ccccc1,0
N/A,N/A,[N]1(CCCC1)(CCCCC[N]1(CCCC1)C)C,0
N/A,N/A,Clc1ccc(C2(O)CC[N]([O])(CC2)CCC(c2ccccc2)(c2ccccc2)C(=O)N(C)C)cc1,0
N/A,N/A,FC(F)(F)c1c(C2=NC(=[N]=C(N3CCOCC3)[N]2)N2CCOCC2)cnc(N)c1,0
N/A,N/A,Clc1c(C(=O)NCC[N]2(CCCC2)CC2=C(N3[C@H](SC2)[C@H](NC(=O)/C(=N\OC(C)(C)C(=O)O)/c2nc(sc2)N)C3=O)C(=O)[O])ccc(O)c1O,0
N/A,N/A,Brc1cc(Nc2ncnc3c2cc(NC(=O)/C=C/C[N](Cc2n(cnc2N(=O)=O)C)(C)C)nc3)ccc1Cl,0
N/A,N/A,Brc1ccc(c2c(NS(=O)(=O)N)ncnc2OCCO[C]2=N[CH]C(=CN=2)Br)cc1,0
N/A,N/A,O1[C@@](N=[N]=[N])([C@@H](OC(=O)C(C)C)[C@@H]([C@@H]1n1ccc(nc1=O)N)C)COC(=O)C(C)C,0
N/A,N/A,O[C@]12[C@@H]3[N](CC[C@]1(c1c(C3)ccc(c1O)C(=O)N)CC(=O)CC2)(CC1CC1)C,0
N/A,N/A,S(=O)(=O)(Nc1nccc(Cc2c(c3c(oc2=O)cc(O[C]2=N[CH]C=CN=2)cc3)C)c1F)NC,0
N/A,N/A,Clc1ccc(NC(=[NH2])[N]C(=[NH2])[N]C(C)C)cc1,0
N/A,N/A,Fc1c(N2CC[NH](CC2)C)c2OC[C@@H](n3c2c(c1)c(=O)c(c3)C(=O)[O])C,0
N/A,N/A,O1[C@@H]2[C@H]([C@@H]([C@H]1CC2)C(=O)[O])C(=O)N1CC[NH](CC1)C,0
N/A,N/A,S(P(=O)([O])[O])CC[NH2]CCC[NH3],0
N/A,N/A,FCC[N](C)(C)C,0
N/A,N/A,O([C@@H](C[N](C)(C)C)CC(=O)[O])C(=O)CC,0
N/A,N/A,Brc1c(C[N](CC)(C)C)cccc1,0
N/A,N/A,OCC[N](C)(C)C,0
N/A,N/A,O([C@H](CCC)C)[C]1=Nc2n(CCCCCN3CCCCC3)c(=O)[nH]c2[C](N=1)N,0
N/A,N/A,N1(CCCCCCC1)CC[N]C(=[NH2])N,0
N/A,N/A,S1(=O)(=O)CC([C@H](O)[C@@H](c2c1ccc(N(C)C)c2)c1ccc(OCc2ccc(C[N@@]34CC[N@@](CC3)CC4)cc2)cc1)(CCCC)CCCC,0
N/A,N/A,[O][N@@]12[C@@H]3[C@@H]([C@@H]4N(C[C@@H]3CCC2)C(=O)CCC4)CCC1,0
N/A,N/A,Clc1cc(N2[C@H](c3n(C(C)C)c(nc3C2=O)C2=CN=[C](=[N]=C2OC)OC)c2ccc(Cl)cc2)c(=O)n(c1)C,0
N/A,N/A,F[C@H]1[C@H](O)[C@@](O[C@H]1n1ccc(nc1=O)N)(N=[N]=[N])CO,0
N/A,N/A,O1[C@@]2([C@@](O)([C@H](O)[C@@H]([C@H]2c2ccccc2)CN(C)C)[C]2C1=CC(=[N]=C2OC)OC)c1ccc(cc1)C#N,0
N/A,N/A,O1c2c3[C@H]([N](CCc3cc(OC)c2O)(C)C)Cc2cc(Oc3cc4[C@@H](N(CCc4cc3OC)C)Cc3ccc1cc3)c(O)cc2,0
N/A,N/A,O[C@@](C1CCCCC1)(c1ccccc1)C(=O)OCC[N](CC)(CC)C,0
N/A,N/A,[N](CCCCCCCCCC[N](C)(C)C)(C)(C)C,0
